,animal_ID,behavioral_sequence_name,mean_probability,start_time,end_time,0,1,2,3,4
0,,,,,,0.0,0.5521922380952381,1.25,1.79,extension_contraction
1,,,,,,0.0,0.34362240642857145,2.08,1.83,extension_contraction
2,,,,,,0.0,0.30515992755102045,2.13,3.08,extension_immobile
3,,,,,,0.0,_immobile,3.08,3.33,
4,,,,,,0.0,3.33,immobile_crawling,3.42,
5,,,,,,0.0,0.23448432583333334,3.46,3.67,contraction_crawling
6,,,,,,0.0,3.79,3.67,0.04090186333333334,crawling_crawling
7,,,,,,0.0,3.83,5.29,_contraction,
8,,,,,,0.0,0.5117547652941177,5.33,5.83,extension_contraction
9,,,,,,0.0,0.3927331931578947,6,6.75,contraction_crawling
10,,,,,,0.0,contraction_extension,0.5964693323076923,6.79,7.54
11,,,,,,0.0,0.28838631682926824,7.54,8.04,extension_extension
12,,,,,,0.0,0.2523553114285714,8.08,8.17,immobile_crawling
13,,,,,,0.0,8.79,_crawling,9.08,
14,,,,,,0.0,0.36464927277777776,9.42,9.75,contraction_immobile
15,,,,,,0.0,9.75,9.83,immobile_immobile,0.024905145238095235
16,,,,,,0.0,0.5100816174074074,10.17,10.92,immobile_contraction
17,,,,,,0.0,0.4385908045454545,10.96,11.21,extension_contraction
18,,,,,,0.0,11.25,_immobile,11.46,
19,,,,,,0.0,0.2557577927272728,12.21,12,contraction_immobile
20,,,,,,0.0,0.07699642333333334,immobile_immobile,12.21,12.33
21,,,,,,0.0,0.3323531931578947,extension_immobile,12.71,12.37
22,,,,,,0.0,0.3243786675,12.75,13.21,extension_contraction
23,,,,,,0.0,0.02544098666666667,13.21,13.33,contraction_contraction
24,,,,,,0.0,0.284363525,immobile_extension,14.46,14.67
25,,,,,,0.0,0.40341224705882356,immobile_extension,14.71,15.04
26,,,,,,0.0,0.2893853636363637,15.08,15.25,immobile_contraction
27,,,,,,0.0,contraction_contraction,15.33,15.25,
28,,,,,,0.0,16.17,_extension,15.58,
29,,,,,,0.0,0.3767947002941176,extension_immobile,16.5,17.17
30,,,,,,0.0,17.17,_extension,17.54,
31,,,,,,0.0,0.48614754352941175,17.58,18.04,crawling_contraction
32,,,,,,0.0,18.04,18.25,_extension,
33,,,,,,0.0,18.29,_immobile,18.54,
34,,,,,,0.0,18.54,18.96,immobile_immobile,
35,,,,,,0.0,0.15758159500000002,crawling_immobile,19,19.13
36,,,,,,0.0,0.03659963090909091,immobile_immobile,19.13,19.37
37,,,,,,0.0,19.5,19.37,immobile_immobile,
38,,,,,,0.0,0.3834463863157895,extension_immobile,19.87,19.54
39,,,,,,0.0,0.21782490333333335,extension_immobile,19.92,20.04
40,,,,,,0.0,20.54,21.33,_extension,
41,,,,,,0.0,0.1713140242857143,immobile_extension,21.46,21.37
42,,,,,,0.0,0.2729935246153846,immobile_contraction,21.75,21.5
43,,,,,,0.0,21.79,_extension,22.04,
44,,,,,,0.0,extension_extension,22.04,22.17,
45,,,,,,0.0,extension_immobile,22.17,22.29,
46,,,,,,0.0,immobile_immobile,22.29,22.54,
47,,,,,,0.0,immobile_immobile,22.54,22.63,
48,,,,,,0.0,23.08,_extension,22.67,
49,,,,,,0.0,extension_extension,23.71,23.08,
50,,,,,,0.0,0.5479087127777778,immobile_extension,23.75,24.29
51,,,,,,0.0,0.18086506000000002,24.92,25.04,extension_contraction
52,,,,,,0.0,0.31447664444444445,extension_immobile,25.08,25.21
53,,,,,,0.0,0.3071709613333333,extension_immobile,25.25,25.54
54,,,,,,0.0,25.67,26.29,_immobile,
55,,,,,,0.0,0.2559717814285714,26.75,extension_immobile,26.67
56,,,,,,0.0,26.75,27.29,immobile_immobile,
57,,,,,,0.0,0.31466929,27.71,extension_contraction,27.5
58,,,,,,0.0,27.75,28.5,_contraction,
59,,,,,,0.0,0.4286623655319149,extension_contraction,28.54,29.54
60,,,,,,0.0,0.13474685428571428,29.58,extension_contraction,29.67
61,,,,,,0.0,29.96,29.71,_contraction,
62,,,,,,0.0,0.6210055504166667,immobile_extension,30.71,30
63,,,,,,0.0,0.3014923014285714,immobile_extension,30.75,31
64,,,,,,0.0,31.79,_extension,31,
65,,,,,,0.0,contraction_extension,32.33,32.58,0.302566125
66,,,,,,0.0,33.71,32.63,0.46363491204081625,contraction_immobile
67,,,,,,0.0,0.23263382857142859,34,34.08,immobile_contraction
68,,,,,,0.0,0.22482537428571428,34.13,34.21,immobile_extension
69,,,,,,0.0,0.5322965131249999,34.25,34.71,immobile_extension
70,,,,,,0.0,0.34259920666666666,34.75,34.92,immobile_extension
71,,,,,,0.0,0.13033466615384615,34.92,35.17,extension_extension
72,,,,,,0.0,contraction_extension,0.38758136307692315,35.42,36.25
73,,,,,,0.0,contraction_extension,0.34888187000000004,36.29,36.5
74,,,,,,0.0,36.54,37.46,_contraction,
75,,,,,,0.0,0.3984911607317074,37.5,38.29,extension_contraction
76,,,,,,0.0,38.54,_immobile,38.33,
77,,,,,,0.0,0.3619568054545455,extension_immobile,39.46,39.71
78,,,,,,0.0,0.49817762727272735,immobile_extension,40.33,41.04
79,,,,,,0.0,0.6083176174074074,41.96,41.08,immobile_contraction
80,,,,,,0.0,42.42,_immobile,42.96,
81,,,,,,0.0,0.4215919419047619,extension_immobile,43,43.5
82,,,,,,0.0,0.16213706444444445,43.63,43.75,contraction_immobile
83,,,,,,0.0,0.3386411711764706,43.79,44.17,contraction_immobile
84,,,,,,0.0,0.2909941076190476,extension_immobile,44.21,44.58
85,,,,,,0.0,1,2.63,_bending,
86,,,,,,uncurling_contraction,1,0.260200048,4.33,4.54
87,,,,,,0.23599082153846154,1,uncurling_crawling,4.58,4.79
88,,,,,,0.5388324251898734,1,4.83,6.79,bending_uncurling
89,,,,,,0.6706628394230768,1,bending_contraction,6.83,10.21
90,,,,,,0.5542810950624999,1,10.25,14.17,immobile_contraction
91,,,,,,_rolling,0.0,2,2.13,1.29
92,,,,,,0.0,2.25,2,2.13,rolling_turning
93,,,,,,0.32402479052631583,2,4.5,4.92,bending_uncurling
94,,,,,,0.2723801947058824,2,bending_contraction,5.5,5.21
95,,,,,,0.0,2,5.75,5.54,_contraction
96,,,,,,0.6544423105555556,2,5.79,6.33,bending_turning
97,,,,,,0.6340187920588235,2,bending_contraction,7.04,8.04
98,,,,,,0.292769075,2,8.33,8.17,uncurling_extension
99,,,,,,0.3814472561538462,2,8.96,9.25,extension_turning
100,,,,,,0.1760382268421053,2,turning_turning,9.25,9.33
101,,,,,,0.2765297959090909,2,9.83,10.25,uncurling_bending
102,,,,,,0.0142925312,2,bending_contraction,10.25,11.08
103,,,,,,uncurling_contraction,0.5745335601818181,2,11.13,12.54
104,,,,,,0.5835886587234043,2,12.58,15.04,extension_contraction
105,,,,,,0.20947677934959352,2,15.21,15.04,contraction_contraction
106,,,,,,0.6104702308695652,2,16.5,18.37,extension_contraction
107,,,,,,0.319028984117647,2,18.54,18.92,extension_contraction
108,,,,,,0.33922126655172413,2,19.33,19.87,bending_uncurling
109,,,,,,0.4081488742857143,2,contraction_immobile,20.04,21.04
110,,,,,,0.2877216353846154,2,21.75,22,extension_contraction
111,,,,,,0.0,2,_extension,22.04,23.13
112,,,,,,0.6080508602272728,2,extension_immobile,23.54,24.75
113,,,,,,0.0,2,_extension,24.79,25.37
114,,,,,,0.269815146875,2,contraction_crawling,27.87,28.21
115,,,,,,0.0,2,_uncurling,28.37,29.42
116,,,,,,0.6542891539622642,contraction_extension,2,32,30.25
117,,,,,,0.6367025543333333,32.04,2,32.92,immobile_extension
118,,,,,,0.28715806272727273,33.13,2,32.96,immobile_extension
119,,,,,,0.0,33.13,2,33.92,extension_extension
120,,,,,,0.5784509825925925,33.96,2,34.75,immobile_contraction
121,,,,,,0.0,2,35.37,34.75,_extension
122,,,,,,0.3416912053846154,2,37.21,37.46,contraction_crawling
123,,,,,,0.44920307711340207,2,38.25,40.21,contraction_immobile
124,,,,,,0.357575727368421,2,40.25,40.71,contraction_immobile
125,,,,,,0.615696493246753,2,extension_immobile,41.42,43.58
126,,,,,,0.2560987267889907,2,immobile_extension,43.58,44.04
127,,,,,,0.0,1.87,_turning,3,
128,,,,,,0.4710267146875,2.46,3,3.37,extension_bending
129,,,,,,0.352036782,3,3.42,3.63,contraction_uncurling
130,,,,,,0.3827996856756757,3,3.67,4.37,contraction_uncurling
131,,,,,,0.0,uncurling_crawling,3,4.37,4.58
132,,,,,,0.33303971499999996,3,4.79,5.04,crawling_bending
133,,,,,,0.2326736363636364,3,5.46,5.29,contraction_uncurling
134,,,,,,0.3243664781818182,3,5.71,5.5,contraction_uncurling
135,,,,,,contraction_bending,0.26053350272727277,3,5.75,5.92
136,,,,,,0.0,3,5.92,6.29,bending_uncurling
137,,,,,,0.39536031750000006,3,6.33,6.87,contraction_uncurling
138,,,,,,contraction_bending,0.3413947376470588,3,6.92,7.21
139,,,,,,0.4055575454545455,3,7.5,8.13,bending_uncurling
140,,,,,,0.4295744447222223,3,8.17,9.04,bending_uncurling
141,,,,,,contraction_bending,0.5304441012903225,3,9.08,9.96
142,,,,,,0.23132521,3,9.96,10.29,bending_uncurling
143,,,,,,0.3779727113333333,3,10.33,10.58,contraction_uncurling
144,,,,,,0.41368153,3,10.63,10.87,contraction_uncurling
145,,,,,,uncurling_contraction,0.5207296742222223,3,12.29,13.46
146,,,,,,0.21666709344262297,3,13.63,13.46,contraction_contraction
147,,,,,,0.3498720936363636,3,bending_contraction,13.67,14.08
148,,,,,,0.353028551875,3,bending_contraction,14.13,14.42
149,,,,,,0.3075809746666666,3,uncurling_rolling,14.46,14.71
150,,,,,,uncurling_contraction,0.4627517135838151,3,14.75,18.29
151,,,,,,0.1653621142857143,3,18.33,18.42,uncurling_bending
152,,,,,,0.8500140372527467,3,18.46,21.96,contraction_uncurling
153,,,,,,0.18425074285714288,3,22,22.08,extension_uncurling
154,,,,,,0.45365418243589745,3,22.13,23.75,contraction_uncurling
155,,,,,,0.5439033505555556,3,23.79,24.25,contraction_uncurling
156,,,,,,0.4530546975,3,25.17,26.5,uncurling_bending
157,,,,,,0.07581240608695651,26.5,3,bending_contraction,26.63
158,,,,,,0.0,3,26.67,27.08,_contraction
159,,,,,,0.0,3,27.13,29.63,_contraction
160,,,,,,contraction_bending,0.195071102,3,29.96,30.13
161,,,,,,uncurling_contraction,0.34063933636363636,3,30.37,30.17
162,,,,,,0.0,32.04,3,30.5,_contraction
163,,,,,,0.39790306749999993,33.5,34.21,3,contraction_uncurling
164,,,,,,0.45822051913043477,34.25,3,34.87,bending_uncurling
165,,,,,,0.0,3,36.54,36.75,_extension
166,,,,,,0.83851111245283,3,42.33,44.33,bending_uncurling
167,,,,,,0.31693437952380954,3,44.37,44.79,contraction_uncurling
168,,,,,,0.24914579999999997,1.54,1.75,4,contraction_turning
169,,,,,,0.7087806359374998,1.92,4,4.17,bending_uncurling
170,,,,,,0.35686442477876096,4.25,4,4.17,uncurling_uncurling
171,,,,,,0.37848108605263153,4,5.75,4.87,extension_contraction
172,,,,,,0.4054007365714286,4,5.79,extension_immobile,6.5
173,,,,,,contraction_bending,0.46564886456140353,4,6.54,7.79
174,,,,,,0.31504185388888883,4,7.83,8.17,turning_bending
175,,,,,,0.39265682769230764,4,extension_crawling,8.21,8.5
176,,,,,,0.5127478117482517,contraction_extension,4,8.54,11.79
177,,,,,,0.0,4,_immobile,12.37,13.54
178,,,,,,0.35321631466666664,contraction_extension,4,15.5,15.21
179,,,,,,0.9135239084210527,4,15.54,contraction_immobile,18.5
180,,,,,,0.5140003754054053,contraction_extension,4,18.54,19.54
181,,,,,,0.3108826872727273,4,immobile_contraction,19.75,19.58
182,,,,,,0.7493170357894738,4,contraction_immobile,21.37,22.71
183,,,,,,0.38164814,contraction_extension,4,22.75,23.37
184,,,,,,0.0,33.92,33.54,4,_immobile
185,,,,,,0.34314262310344823,34.21,34.75,4,immobile_contraction
186,,,,,,0.28826351,35.58,35.46,4,contraction_immobile
187,,,,,,0.5264696034,35.63,4,37,contraction_turning
188,,,,,,0.0,4,37.33,37,_extension
189,,,,,,0.3616423933333333,4,38.79,39.04,immobile_contraction
190,,,,,,0.25836996714285715,4,39.33,39.08,immobile_contraction
191,,,,,,0.0,4,_extension,40.42,41.04
192,,,,,,0.2839506458823529,4,immobile_extension,44.63,44.33
193,,,,,,0.0,1.46,2.5,5,_contraction
194,,,,,,0.4928034971428571,2.54,3.75,5,turning_uncurling
195,,,,,,0.8442937208333334,3.79,5.58,5,contraction_turning
196,,,,,,contraction_bending,0.4663317533333333,5.63,5,6.17
197,,,,,,0.4526483302083333,5,6.21,7.21,turning_bending
198,,,,,,0.47262591916666663,5,13.21,13.87,contraction_immobile
199,,,,,,0.40799315812500003,contraction_extension,5,13.92,14.29
200,,,,,,0.4554377103846154,5,immobile_contraction,17.58,18.71
201,,,,,,0.5366411519008264,5,immobile_contraction,18.75,21.75
202,,,,,,0.4627043015523466,5,immobile_contraction,21.79,27.58
203,,,,,,0.6678713392307691,5,39.79,40.63,immobile_contraction
204,,,,,,0.45284070221238926,5,40.67,43.13,immobile_contraction
205,,,,,,0.31832704545454543,5,43.42,43.17,immobile_contraction
206,,,,,,0.4399137154545454,1.25,1.71,6,contraction_crawling
207,,,,,,0.41456841357142843,1.83,2.75,6,crawling_contraction
208,,,,,,0.474092984273859,contraction_extension,5.13,6,10.37
209,,,,,,0.0,6,12.08,12.92,_contraction
210,,,,,,0.27039433199999996,6,12.96,13.13,extension_contraction
211,,,,,,0.5836895376923077,6,15.5,contraction_immobile,16.33
212,,,,,,0.5882202995454545,immobile_extension,6,17.17,18.33
213,,,,,,0.5058039640184051,32.21,immobile_extension,6,18.37
214,,,,,,0.5352312357831327,32.25,34.33,immobile_extension,6
215,,,,,,0.4826846126666667,34.71,35.5,extension_immobile,6
216,,,,,,0.35111721545454544,35.79,35.54,extension_immobile,6
217,,,,,,0.0,35.79,36.13,_extension,6
218,,,,,,0.42368256870967747,immobile_extension,36.75,6,36.17
219,,,,,,0.0,6,39.83,38.25,_contraction
220,,,,,,uncurling_contraction,0.605245655625,6,40.33,41.83
221,,,,,,0.17167255,6,41.87,41.96,extension_contraction
222,,,,,,0.38256882000000003,6,42,42.37,extension_contraction
223,,,,,,0.28445055,6,42.42,42.54,extension_contraction
224,,,,,,0.28004581545454543,6,43.58,43.37,extension_contraction
225,,,,,,0.07853700666666666,6,43.67,43.58,contraction_contraction
226,,,,,,0.46412608848484854,1.25,1.96,crawling_rolling,7
227,,,,,,0.3389659544,2.25,2.87,7,rolling_crawling
228,,,,,,0.32532890531249997,3.87,3.25,extension_immobile,7
229,,,,,,0.41189562199999996,4.67,5.46,7,bending_turning
230,,,,,,0.481479914,5.87,5.5,7,bending_uncurling
231,,,,,,0.3462736055555556,6.25,6.08,7,extension_contraction
232,,,,,,0.7584995148387096,6.29,7.37,7,extension_contraction
233,,,,,,uncurling_contraction,0.5655258941891891,7.42,7,9.25
234,,,,,,0.2352263,7,9.5,9.29,immobile_contraction
235,,,,,,0.6968591066666664,7,9.54,11.54,extension_contraction
236,,,,,,0.4698190992592593,extension_immobile,7,11.58,12.25
237,,,,,,0.468535205289256,contraction_extension,7,12.29,14.75
238,,,,,,0.7574344830434782,7,15.42,contraction_immobile,17.04
239,,,,,,0.22512787777777776,7,contraction_immobile,17.21,17.08
240,,,,,,0.5732860808333333,7,17.25,18.75,contraction_uncurling
241,,,,,,0.3704169265,contraction_extension,7,18.79,19.21
242,,,,,,0.5463777415789474,extension_immobile,7,21.13,21.71
243,,,,,,0.7591407288815791,7,contraction_immobile,22.13,27.21
244,,,,,,0.24620233666666672,contraction_extension,7,27.5,27.25
245,,,,,,0.6542269452631579,contraction_extension,7,27.92,28.5
246,,,,,,0.221227725,immobile_extension,7,28.54,28.67
247,,,,,,0.49491185448275854,7,immobile_contraction,28.71,31.25
248,,,,,,32.54,0.4544696638709677,7,immobile_contraction,31.29
249,,,,,,0.44831718617647065,32.83,33.58,7,immobile_contraction
250,,,,,,0.0,33.63,35.17,7,_immobile
251,,,,,,0.0,35.83,35.17,7,immobile_immobile
252,,,,,,0.3177160668421053,36,36.33,7,immobile_contraction
253,,,,,,0.4482830588888889,36.37,36.75,7,immobile_contraction
254,,,,,,0.32014815999999996,36.79,36.96,7,immobile_contraction
255,,,,,,0.37993248125,37.63,37,7,immobile_contraction
256,,,,,,0.6282676861224489,37.75,39.13,7,contraction_immobile
257,,,,,,0.0,39.63,39.17,7,_contraction
258,,,,,,0.2326259690909091,39.67,39.83,7,immobile_contraction
259,,,,,,0.40007119105263156,extension_immobile,7,40.46,40.79
260,,,,,,0.0,7,_immobile,40.83,43.25
261,,,,,,0.5138645758823529,contraction_extension,7,43.29,44.25
262,,,,,,0.0,1.25,2,_bending,8
263,,,,,,0.22250746666666668,2.04,2.17,8,contraction_immobile
264,,,,,,0.3706231693877551,2.46,3.5,8,crawling_bending
265,,,,,,0.5603442913157896,3.54,4.79,8,contraction_crawling
266,,,,,,0.24302285699999998,6.87,extension_crawling,8,6.71
267,,,,,,0.8112079421568626,contraction_bending,6.92,8,8.79
268,,,,,,0.516376138627451,contraction_extension,8,8.83,11.25
269,,,,,,0.309460576,contraction_extension,8,11.29,11.46
270,,,,,,0.676465210882353,8,12.58,13.67,contraction_uncurling
271,,,,,,0.34677583385964916,8,13.67,14,uncurling_extension
272,,,,,,0.48384199999999994,8,17.75,18.71,uncurling_extension
273,,,,,,0.0,8,_immobile,18.75,19.87
274,,,,,,0.0,8,immobile_immobile,19.87,20
275,,,,,,0.7357612354166667,8,immobile_contraction,20.67,21.46
276,,,,,,0.3147749370588236,8,21.5,21.83,extension_contraction
277,,,,,,0.4931928849723757,8,21.87,25.75,extension_contraction
278,,,,,,0.5721550958139535,uncurling_contraction,8,26.25,28.42
279,,,,,,0.44722288988505765,8,30.25,28.46,uncurling_bending
280,,,,,,0.0,32.33,8,_uncurling,30.29
281,,,,,,32.92,33,0.17050933,8,turning_bending
282,,,,,,contraction_bending,33.04,0.45540337115384616,33.67,8
283,,,,,,0.37863000615384607,33.71,34.21,8,uncurling_bending
284,,,,,,0.6995818536666667,34.58,bending_contraction,35.58,8
285,,,,,,0.6523957571428571,35.63,36.54,extension_immobile,8
286,,,,,,0.39673861400000004,36.58,37,8,contraction_immobile
287,,,,,,0.5048964304166667,37.58,38.17,8,extension_contraction
288,,,,,,0.43444332222222226,38.71,39.29,8,extension_contraction
289,,,,,,0.321048197,39.71,8,39.33,extension_contraction
290,,,,,,0.42016223433333333,contraction_extension,8,40.08,40.67
291,,,,,,0.27883083705882356,8,42.54,42.25,extension_contraction
292,,,,,,0.0,8,42.54,42.71,contraction_contraction
293,,,,,,0.34422811285714283,8,43.08,43.42,crawling_extension
294,,,,,,0.4313574644,contraction_extension,8,43.79,44.37
295,,,,,,0.25899134583333333,8,44.42,44.63,contraction_uncurling
296,,,,,,0.38053494000000004,1.63,2.13,extension_immobile,9
297,,,,,,0.516121478125,2.17,3,9,extension_contraction
298,,,,,,0.4483683828723403,3.04,5.13,extension_immobile,9
299,,,,,,0.493033968095238,5.17,9,9.67,contraction_immobile
300,,,,,,0.39318485428571426,9,10.37,9.71,contraction_immobile
301,,,,,,0.37899967363636367,9,10.42,10.67,contraction_immobile
302,,,,,,0.24128187399999998,9,10.71,10.96,contraction_immobile
303,,,,,,0.2102120946153846,contraction_extension,9,11,11.21
304,,,,,,0.5622625378571429,9,11.25,12,contraction_immobile
305,,,,,,0.0,_extension,9,12.04,12.25
306,,,,,,0.3836918100961538,immobile_extension,9,12.29,14.46
307,,,,,,0.288152585,extension_immobile,9,15.87,15.63
308,,,,,,0.38398653451612896,immobile_extension,9,16.58,16
309,,,,,,0.25221399099999997,immobile_extension,9,16.83,16.63
310,,,,,,0.0,9,16.87,18.96,_contraction
311,,,,,,0.4070884085294118,9,immobile_contraction,19,19.71
312,,,,,,0.0,_extension,9,20.08,21
313,,,,,,0.6181905985714286,extension_immobile,9,21.21,21.87
314,,,,,,0.21684349000000003,9,immobile_contraction,22.46,22.33
315,,,,,,0.18979155222222224,9,immobile_contraction,22.63,22.5
316,,,,,,0.2601427609090909,extension_immobile,9,22.67,22.87
317,,,,,,0.6147349044827586,9,22.92,23.83,extension_contraction
318,,,,,,0.42982198636363644,9,contraction_immobile,24.79,25.92
319,,,,,,0.38710878727272724,26.87,extension_immobile,9,26.63
320,,,,,,0.479349734,9,contraction_immobile,28.21,29.37
321,,,,,,0.0,_immobile,9,29.87,30.37
322,,,,,,0.6200455465384616,9,immobile_contraction,30.83,31.63
323,,,,,,0.5548708858536586,32.83,9,immobile_contraction,31.67
324,,,,,,0.24161500196721314,32.83,32.92,contraction_extension,9
325,,,,,,32.96,0.0,33.75,_immobile,9
326,,,,,,0.0,33.75,34.33,9,immobile_contraction
327,,,,,,0.4774813529787234,34.37,35.63,9,extension_contraction
328,,,,,,0.0,35.67,36.08,_immobile,9
329,,,,,,0.0,36.13,36.5,9,_contraction
330,,,,,,0.0,36.54,36.71,_extension,9
331,,,,,,0.0,36.75,36.92,_immobile,9
332,,,,,,0.0,immobile_extension,37,36.92,9
333,,,,,,0.37605795863636365,37.04,37.46,9,contraction_immobile
334,,,,,,0.5697707395833332,37.5,38.21,9,contraction_immobile
335,,,,,,0.21238074499999998,contraction_extension,38.58,38.46,9
336,,,,,,0.7325454002857141,39.29,40.54,9,contraction_immobile
337,,,,,,0.38053442738461535,immobile_extension,40.54,9,40.92
338,,,,,,0.2468126888888889,contraction_extension,40.96,9,41.08
339,,,,,,0.26499652636363635,contraction_extension,9,41.29,41.13
340,,,,,,0.37019778304347833,9,42.37,41.96,extension_contraction
341,,,,,,0.20626453900000002,9,42.71,42.87,contraction_immobile
342,,,,,,0.04935596153846154,9,42.87,43.04,immobile_immobile
343,,,,,,0.239226095,9,43.58,43.71,contraction_immobile
344,,,,,,0.0,_immobile,9,43.83,44
345,,,,,,0.0,9,immobile_immobile,44,44.17
346,,,,,,0.38829360142857144,contraction_extension,9,44.21,44.75
347,,,,,,0.19372495888888888,1.25,1.37,10,turning_uncurling
348,,,,,,0.2758844615384615,1.42,1.63,10,turning_uncurling
349,,,,,,0.20797368000000002,1.67,1.75,10,turning_bending
350,,,,,,0.0,1.75,2,bending_bending,10
351,,,,,,0.47736902144927534,2.04,3.5,10,uncurling_extension
352,,,,,,0.5923100543137254,contraction_extension,3.54,4.87,10
353,,,,,,0.48713096487394947,contraction_extension,4.92,7.46,10
354,,,,,,0.4178185618604651,contraction_extension,7.5,8.37,10
355,,,,,,0.4329233337499999,contraction_extension,9.92,10,9.17
356,,,,,,0.6588983253124999,10,10.96,12.92,immobile_contraction
357,,,,,,0.42107916205128204,extension_immobile,10,12.96,13.75
358,,,,,,0.44077788219999997,contraction_extension,10,13.79,14.79
359,,,,,,0.1806630828571429,contraction_extension,10,14.83,14.92
360,,,,,,0.41622125840000007,contraction_extension,10,14.96,15.5
361,,,,,,0.6725465939473685,10,15.54,contraction_immobile,17.87
362,,,,,,0.43165879461538453,10,immobile_contraction,18.04,18.79
363,,,,,,0.39381552647058826,10,20.08,20.5,extension_contraction
364,,,,,,0.5577211866666667,10,23.33,24.08,extension_contraction
365,,,,,,0.8318273913953488,10,contraction_immobile,26.08,27.67
366,,,,,,0.4242183941176471,10,28.79,extension_contraction,28.42
367,,,,,,0.45642407485294106,contraction_extension,32.17,10,29.33
368,,,,,,0.64999001,contraction_extension,32.21,33.96,10
369,,,,,,0.38731402833333334,contraction_extension,34,34.5,10
370,,,,,,0.4576863590625,34.54,35.83,immobile_extension,10
371,,,,,,0.4694206833720928,immobile_extension,36.29,38.04,10
372,,,,,,0.315889516,39.42,39.67,10,immobile_contraction
373,,,,,,0.0,39.67,40.25,10,contraction_contraction
374,,,,,,0.0,40.25,40.5,10,contraction_immobile
375,,,,,,0.6388580172727273,40.54,41.58,10,extension_contraction
376,,,,,,0.3702728136363636,41.63,10,42.04,extension_contraction
377,,,,,,0.47160809319999997,10,43.37,42.17,contraction_uncurling
378,,,,,,0.34728834437499995,10,43.42,43.71,extension_contraction
379,,,,,,0.0,4.17,4.67,11,_contraction
380,,,,,,0.0,9.04,10,11,_crawling
381,,,,,,uncurling_contraction,0.29837079222222224,11.87,11,12
382,,,,,,0.0,11,12.29,13.25,_contraction
383,,,,,,0.2685655946153846,11,14.25,14.5,uncurling_extension
384,,,,,,0.0,_uncurling,11,17.75,20.21
385,,,,,,0.3681261931707317,contraction_extension,11,20.25,21.04
386,,,,,,0.0,11,extension_extension,21.04,21.13
387,,,,,,0.0,11,extension_extension,21.21,21.13
388,,,,,,0.3912420147368421,contraction_extension,11,22.17,22.5
389,,,,,,0.3757702827272727,contraction_extension,11,22.54,22.79
390,,,,,,0.15341945588235295,11,22.79,22.87,extension_uncurling
391,,,,,,0.0,11,uncurling_uncurling,22.96,22.87
392,,,,,,0.4401591670588235,contraction_extension,11,23.83,24.21
393,,,,,,0.31146500526315785,11,25.92,extension_uncurling,25.58
394,,,,,,uncurling_contraction,0.4022253266666666,11,28.29,29.04
395,,,,,,0.18594832777777778,contraction_extension,11,31.46,31.58
396,,,,,,0.0,11,extension_extension,31.58,31.67
397,,,,,,0.22391733,32.5,32.67,11,uncurling_extension
398,,,,,,0.0,33.08,32.71,11,_contraction
399,,,,,,0.22898409375,33.13,33.25,11,extension_contraction
400,,,,,,0.5956140484444443,33.42,34.79,11,contraction_uncurling
401,,,,,,uncurling_contraction,0.43853171726114654,34.92,38.13,11
402,,,,,,0.5108977235714286,39.54,40.29,11,contraction_uncurling
403,,,,,,contraction_bending,0.2657470561538462,40.63,40.92,11
404,,,,,,contraction_bending,0.37791581133333335,40.96,41.63,11
405,,,,,,0.34662989666666666,contraction_turning,41.92,41.67,11
406,,,,,,0.0,41.96,42.67,11,_contraction
407,,,,,,0.6479910697297298,1.37,3.5,12,crawling_contraction
408,,,,,,0.2802984271028038,contraction_extension,3.5,4.21,12
409,,,,,,0.38750609708333333,4.75,4.25,immobile_crawling,12
410,,,,,,contraction_bending,0.43054250459459464,4.79,5.5,12
411,,,,,,0.0,5.54,_bending,6.79,12
412,,,,,,0.32344669866666664,6.83,7.13,12,crawling_bending
413,,,,,,contraction_bending,0.41286514571428573,7.83,7.17,12
414,,,,,,0.4726617288095239,8.71,9.79,12,contraction_crawling
415,,,,,,0.33614978437500004,9.83,10.46,12,contraction_crawling
416,,,,,,0.0,10.5,11.17,12,_contraction
417,,,,,,0.367746303,contraction_extension,12,13.87,14.08
418,,,,,,0.1605588,12,14.08,14.46,extension_extension
419,,,,,,0.2192731169565217,12,contraction_immobile,17.13,17.54
420,,,,,,0.372189814,12,contraction_immobile,17.58,17.83
421,,,,,,0.368458939375,contraction_extension,12,18.54,18.92
422,,,,,,0.24713157636363636,contraction_extension,12,20.54,20.37
423,,,,,,0.503761866909091,12,immobile_contraction,20.58,23.08
424,,,,,,0.24522317913043476,12,crawling_contraction,23.92,24.37
425,,,,,,0.44336735281249995,12,contraction_immobile,24.87,25.63
426,,,,,,0.43623546538461544,12,contraction_immobile,25.67,26
427,,,,,,0.39054414428571427,contraction_extension,12,26.71,27.08
428,,,,,,0.24351148727272728,immobile_extension,12,29.79,30
429,,,,,,0.5908019311538462,contraction_extension,12,30.87,30.04
430,,,,,,0.3661428825,32.37,12,crawling_contraction,31.92
431,,,,,,0.6281608491428571,32.5,33.67,12,contraction_immobile
432,,,,,,0.5660279836000001,34.13,34.83,12,contraction_immobile
433,,,,,,0.28288549794871803,34.83,34.92,immobile_immobile,12
434,,,,,,0.1668607942857143,34.96,35.04,12,extension_contraction
435,,,,,,0.0,35.04,37.17,12,contraction_contraction
436,,,,,,0.0,37.71,37.17,12,contraction_contraction
437,,,,,,0.47473840872727274,37.87,39.17,12,immobile_contraction
438,,,,,,0.0,41.04,43.67,12,_contraction
439,,,,,,0.4967157225,43.71,12,44.63,immobile_contraction
440,,,,,,0.0,1.37,13,_bending,
441,,,,,,0.2600190789473685,1.42,1.75,crawling_uncurling,13
442,,,,,,0.31854674000000005,1.79,2.13,13,crawling_bending
443,,,,,,_rolling,0.0,2.17,3.58,13
444,,,,,,0.2211189746153846,5.46,5.25,13,bending_turning
445,,,,,,0.27326751818181816,bending_contraction,5.5,5.67,13
446,,,,,,0.0,5.67,5.75,13,contraction_contraction
447,,,,,,0.19432000333333332,5.79,5.96,13,bending_uncurling
448,,,,,,0.6340153196875,6.46,7.42,13,crawling_contraction
449,,,,,,0.4844055495348837,bending_contraction,7.46,8.5,13
450,,,,,,0.14683986363636362,8.5,9.42,13,contraction_contraction
451,,,,,,0.0,9.42,9.54,13,contraction_contraction
452,,,,,,0.0,9.54,11.13,13,_contraction
453,,,,,,0.5992614760526317,contraction_extension,12.25,13.37,13
454,,,,,,0.5616901415189874,13.5,13,15.46,immobile_contraction
455,,,,,,0.3141475347619047,extension_immobile,13,15.87,15.5
456,,,,,,0.0,_immobile,13,15.87,17.21
457,,,,,,0.5640717466666667,13,contraction_immobile,17.25,17.83
458,,,,,,0.4346396723076923,contraction_extension,13,18.25,19.29
459,,,,,,0.0,_extension,13,19.92,19.29
460,,,,,,0.41796915937499995,contraction_extension,13,19.96,20.67
461,,,,,,0.31183665238095243,contraction_extension,13,20.71,21.08
462,,,,,,0.5966087661111109,contraction_extension,13,22.75,23.83
463,,,,,,0.2790069235087719,13,extension_extension,23.83,24.13
464,,,,,,0.40271604,contraction_extension,13,24.17,24.5
465,,,,,,0.46627207888888894,contraction_extension,13,24.54,25.54
466,,,,,,0.4647731969565218,13,uncurling_extension,26.21,25.58
467,,,,,,0.2580171123076923,contraction_extension,26.46,13,26.25
468,,,,,,0.5560614850000001,contraction_extension,13,26.5,27.13
469,,,,,,0.31051243714285715,13,contraction_immobile,29.46,29.04
470,,,,,,0.6486082942857143,13,immobile_contraction,29.92,30.75
471,,,,,,0.0,32.04,13,_contraction,31.21
472,,,,,,0.4960067736363636,32.08,32.87,immobile_extension,13
473,,,,,,0.236727992,34.17,34.33,13,immobile_contraction
474,,,,,,0.0,1.25,1.58,14,_crawling
475,,,,,,0.45063963051282047,1.63,2.58,14,rolling_crawling
476,,,,,,0.738875646122449,2.63,6,contraction_crawling,14
477,,,,,,0.36120767119760483,6.42,6,14,crawling_crawling
478,,,,,,0.5507912692307692,6.46,8.21,contraction_crawling,14
479,,,,,,0.46794918052631584,9.5,11.92,14,extension_contraction
480,,,,,,0.3609817981818182,12.17,12.37,14,extension_contraction
481,,,,,,0.0,12.37,13.87,14,_contraction
482,,,,,,0.7251527068571428,14.58,15.79,14,immobile_contraction
483,,,,,,0.43369029722222224,14,15.83,16.54,extension_contraction
484,,,,,,0.4828472625,14,16.58,17.46,extension_contraction
485,,,,,,0.47402189627450975,14,17.5,18.63,extension_uncurling
486,,,,,,0.3957591275510204,extension_immobile,14,19.13,20.17
487,,,,,,0.44824037821428575,14,20.33,20.96,extension_contraction
488,,,,,,0.37341420347826093,14,immobile_contraction,22.92,22.46
489,,,,,,0.5584091099999999,14,22.96,24,extension_contraction
490,,,,,,uncurling_contraction,0.6582964542857143,14,24.13,25
491,,,,,,0.47928451319999993,26.25,14,25.67,extension_contraction
492,,,,,,0.7263205224242426,immobile_extension,14,26.29,27.37
493,,,,,,0.7420619414705885,14,contraction_immobile,27.42,28.63
494,,,,,,0.5616551804545455,contraction_extension,32,14,30.25
495,,,,,,0.4893446689743591,33.08,32.04,immobile_extension,14
496,,,,,,0.0,33.46,33.13,14,_contraction
497,,,,,,0.36819467214285717,33.5,33.83,extension_immobile,14
498,,,,,,0.6186967299999999,33.87,34.79,extension_immobile,14
499,,,,,,0.31920844918367347,34.79,34.96,immobile_immobile,14
500,,,,,,0.6606020692592594,contraction_extension,35,35.87,14
501,,,,,,0.3083879488,contraction_extension,35.92,36.42,14
502,,,,,,0.282595435625,36.46,36.75,14,contraction_immobile
503,,,,,,0.34104884500000004,contraction_extension,37.58,37.17,14
504,,,,,,0.350221489047619,37.63,38,14,contraction_uncurling
505,,,,,,0.3261112025925926,39.54,40.08,14,bending_turning
506,,,,,,0.2930900045,contraction_extension,41.5,41.04,14
507,,,,,,uncurling_contraction,0.3630795966666666,42.42,43,14
508,,,,,,0.3263734053333333,43.87,43.54,14,extension_contraction
509,,,,,,0.1178619619047619,43.87,44.75,14,contraction_contraction
510,,,,,,0.19838541428571427,44.79,44.87,14,extension_contraction
511,,,,,,0.2321821166666667,1.25,1.37,15,extension_contraction
512,,,,,,0.36472201138461535,2.29,3.58,15,extension_contraction
513,,,,,,0.27288295250000005,rolling_bending,5.37,5,15
514,,,,,,0.0,5.67,6.37,15,_contraction
515,,,,,,0.12408300285714284,7.21,7.29,15,rolling_uncurling
516,,,,,,0.5565021433333333,1.25,2.17,16,turning_uncurling
517,,,,,,0.3839170644,5.33,5.79,contraction_crawling,16
518,,,,,,0.4488825733333333,5.83,6.25,contraction_crawling,16
519,,,,,,0.47702665722222215,6.29,9.37,16,contraction_immobile
520,,,,,,0.3690980104166666,12.04,13.04,16,extension_contraction
521,,,,,,0.23308130846153843,contraction_extension,13.87,13.67,16
522,,,,,,0.37140331809523813,immobile_extension,14.17,14.58,16
523,,,,,,0.052836912,14.58,15.33,16,extension_extension
524,,,,,,0.2964697733333333,immobile_extension,16,17.42,17.92
525,,,,,,0.2531942123076923,extension_immobile,16,23.29,23.5
526,,,,,,0.0,_immobile,16,23.5,23.96
527,,,,,,0.54827272734375,immobile_extension,16,24.42,25.92
528,,,,,,0.13604291324675327,16,extension_extension,25.92,26.08
529,,,,,,0.46336437839999994,26.75,immobile_extension,16,26.21
530,,,,,,0.7806431439130436,contraction_extension,16,26.87,28.58
531,,,,,,0.6512502667391303,immobile_extension,16,28.63,30.04
532,,,,,,0.840245242197802,34.17,16,extension_contraction,30.71
533,,,,,,0.0,34.21,37.83,_extension,16
534,,,,,,0.0,37.83,38.04,16,extension_extension
535,,,,,,0.0,38.37,38.04,16,_contraction
536,,,,,,0.266756106,38.67,38.42,16,extension_contraction
537,,,,,,0.8845560316438358,40.46,43.29,16,extension_contraction
538,,,,,,uncurling_contraction,0.27140678363636367,2.04,1.83,17
539,,,,,,0.44677294446153853,2.17,3.63,17,turning_contraction
540,,,,,,0.6910370170588236,3.67,4.71,17,extension_contraction
541,,,,,,0.4662862137234043,5.17,7.21,contraction_turning,17
542,,,,,,0.3276234777777778,7.37,contraction_turning,7.25,17
543,,,,,,uncurling_contraction,0.7940735257777776,8.04,9.63,17
544,,,,,,0.6934904172463767,9.67,11.92,17,extension_contraction
545,,,,,,0.3442249213513514,contraction_extension,12.46,13.17,17
546,,,,,,0.1755597588888889,immobile_extension,13.58,13.46,17
547,,,,,,0.43443182936,contraction_extension,13.63,16.17,17
548,,,,,,0.47904206474264727,immobile_extension,17,18,23.67
549,,,,,,0.4086227115094339,immobile_rolling,17,23.79,24.87
550,,,,,,0.1359105114285714,turning_immobile,17,24.92,25
551,,,,,,0.0,immobile_immobile,17,25,25.08
552,,,,,,0.3797905523529412,rolling_extension,17,25.54,25.13
553,,,,,,0.0,25.54,17,25.92,_contraction
554,,,,,,0.3703804176923077,extension_immobile,17,25.96,26.21
555,,,,,,0.367760666,extension_immobile,28.04,17,28.92
556,,,,,,0.07174686361702129,immobile_extension,17,28.92,29.13
557,,,,,,0.481178457368421,32.54,immobile_contraction,17,31.08
558,,,,,,0.15839312714285714,32.83,32.92,17,extension_contraction
559,,,,,,32.92,0.0,33.25,17,contraction_contraction
560,,,,,,0.7349915876923079,34.17,35.04,contraction_immobile,17
561,,,,,,0.4106300616666667,37.46,37.08,17,extension_contraction
562,,,,,,0.3488218547368421,contraction_extension,44.37,44.75,17
563,,,,,,0.6857659974193548,2.08,3.92,18,bending_turning
564,,,,,,0.39624157928571435,4.67,4.96,contraction_crawling,18
565,,,,,,0.30135214529411763,5.46,5.17,crawling_immobile,18
566,,,,,,0.6326654939534883,rolling_bending,11.92,13.13,18
567,,,,,,0.30346188066666663,13.46,13.17,18,contraction_uncurling
568,,,,,,0.08525833684210526,13.46,13.92,18,uncurling_uncurling
569,,,,,,0.0,13.92,14,18,uncurling_bending
570,,,,,,0.2453905590909091,14.21,14.04,18,uncurling_bending
571,,,,,,0.633702398108108,14.25,15.37,18,uncurling_bending
572,,,,,,0.3011783111864406,bending_contraction,15.5,15.37,18
573,,,,,,0.2740711727272727,bending_contraction,15.71,15.54,18
574,,,,,,0.0,15.71,16,18,contraction_contraction
575,,,,,,0.540224248,16.04,16.46,18,turning_uncurling
576,,,,,,uncurling_contraction,0.2556500318181818,17.54,18,17.71
577,,,,,,uncurling_contraction,0.414892161707317,17.75,18,18.58
578,,,,,,uncurling_contraction,0.3158224658064516,18,19.25,18.63
579,,,,,,uncurling_contraction,0.5657454363750001,18,19.29,21.37
580,,,,,,0.3247192,18,21.75,21.5,contraction_uncurling
581,,,,,,0.31189416176470586,18,21.87,22.17,uncurling_turning
582,,,,,,contraction_bending,0.1540873957142857,18,22.21,22.29
583,,,,,,0.2916650963636363,18,23.33,23.5,contraction_uncurling
584,,,,,,contraction_bending,0.23081310400000002,18,23.54,23.79
585,,,,,,0.20981469142857143,1.25,1.33,19,turning_bending
586,,,,,,0.0,1.33,2.13,bending_bending,19
587,,,,,,0.0,2.42,2.79,_uncurling,19
588,,,,,,0.5090545098611111,3,4.63,19,crawling_contraction
589,,,,,,0.48307711500000006,5.13,6.58,19,turning_bending
590,,,,,,0.43441300189189197,6.63,7.33,19,uncurling_extension
591,,,,,,0.40810395562499996,7.79,7.37,19,crawling_extension
592,,,,,,0.5033239571052631,7.83,8.75,19,crawling_contraction
593,,,,,,0.4050286518181818,10.37,11.04,19,bending_turning
594,,,,,,0.8703538948387102,13.46,19.33,19,extension_contraction
595,,,,,,0.42947947800000014,immobile_contraction,19.37,19,20.29
596,,,,,,0.3855786303703703,contraction_extension,19,20.96,21.5
597,,,,,,0.3004257969230769,contraction_immobile,19,22,22.29
598,,,,,,0.12982189894736842,immobile_immobile,19,22.29,23.08
599,,,,,,0.0,immobile_immobile,19,23.08,23.25
600,,,,,,0.17675715714285717,contraction_immobile,19,23.29,23.37
601,,,,,,0.2637614290909091,immobile_extension,19,25.83,26
602,,,,,,0.24252803800000003,immobile_extension,28.5,19,28.67
603,,,,,,0.5914682347222223,immobile_contraction,19,28.71,29.75
604,,,,,,0.27163511636363635,29.75,19,contraction_contraction,29.83
605,,,,,,0.2620422236363637,extension_immobile,19,30.92,30.71
606,,,,,,0.5975796872972974,32.17,extension_immobile,19,30.96
607,,,,,,0.31225964333333334,contraction_extension,33.83,33.5,19
608,,,,,,0.15987864444444444,33.87,34,contraction_immobile,19
609,,,,,,0.4261789089655173,34.13,34.83,immobile_contraction,19
610,,,,,,0.15797199435897435,34.83,34.92,19,contraction_contraction
611,,,,,,0.236030396,36.17,36.33,immobile_contraction,19
612,,,,,,0.19133286875,36.37,36.5,immobile_contraction,19
613,,,,,,0.8191835028395066,38.54,41.71,19,extension_contraction
614,,,,,,0.41632431222929955,41.92,41.71,19,contraction_contraction
615,,,,,,0.0,41.92,42.5,19,contraction_contraction
616,,,,,,0.42710185624999997,42.67,43.08,contraction_immobile,19
